acpid	1:2.0.33-1ubuntu1	installed
adduser	3.118ubuntu5	installed
adwaita-icon-theme	41.0-1ubuntu1	installed
alsa-topology-conf	1.2.5.1-2	installed
alsa-ucm-conf	1.2.6.3-1ubuntu1.12	installed
amd64-microcode	3.20191218.1ubuntu2.2	installed
apparmor	3.0.4-2ubuntu2.3	installed
apport	2.20.11-0ubuntu82.5	installed
apport-symptoms	0.24	installed
apt	2.4.11	installed
apt-utils	2.4.11	installed
at-spi2-core	2.44.0-3	installed
base-files	12ubuntu4.4	installed
base-passwd	3.5.52build1	installed
bash	5.1-6ubuntu1	installed
bash-completion	1:2.11-5ubuntu1	installed
bc	1.07.1-3build1	installed
bcache-tools	1.0.8-4ubuntu3	installed
bind9-dnsutils	1:9.18.18-0ubuntu0.22.04.1	installed
bind9-host	1:9.18.18-0ubuntu0.22.04.1	installed
bind9-libs:amd64	1:9.18.18-0ubuntu0.22.04.1	installed
binutils	2.38-4ubuntu2.3	installed
binutils-common:amd64	2.38-4ubuntu2.3	installed
binutils-x86-64-linux-gnu	2.38-4ubuntu2.3	installed
bolt	0.9.2-1	installed
bsdextrautils	2.37.2-4ubuntu3	installed
bsdutils	1:2.37.2-4ubuntu3	installed
btrfs-progs	5.16.2-1	installed
build-essential	12.9ubuntu3	installed
busybox-initramfs	1:1.30.1-7ubuntu3	installed
busybox-static	1:1.30.1-7ubuntu3	installed
byobu	5.133-1	installed
bzip2	1.0.8-5ubuntu0.1	installed
ca-certificates	20230311ubuntu0.22.04.1	installed
chrony	4.2-2ubuntu2	installed
cloud-guest-utils	0.32-22-g45fe84a5-0ubuntu1	installed
cloud-init	23.3.3-0ubuntu0~22.04.1	installed
cloud-initramfs-copymods	0.47ubuntu1	installed
cloud-initramfs-dyn-netconf	0.47ubuntu1	installed
command-not-found	22.04.0	installed
console-setup	1.205ubuntu3	installed
console-setup-linux	1.205ubuntu3	installed
coreutils	8.32-4.1ubuntu1	installed
cpio	2.13+dfsg-7	installed
cpp	4:11.2.0-1ubuntu1	installed
cpp-11	11.4.0-1ubuntu1~22.04.3	installed
cron	3.0pl1-137ubuntu3	installed
cryptsetup	2:2.4.3-1ubuntu1.1	installed
cryptsetup-bin	2:2.4.3-1ubuntu1.1	installed
cryptsetup-initramfs	2:2.4.3-1ubuntu1.1	installed
curl	7.81.0-1ubuntu1.15	installed
dash	0.5.11+git20210903+057cd650a4ed-3build1	installed
dbus	1.12.20-2ubuntu4.1	installed
dbus-user-session	1.12.20-2ubuntu4.1	installed
dconf-gsettings-backend:amd64	0.40.0-3ubuntu0.1	installed
dconf-service	0.40.0-3ubuntu0.1	installed
debconf	1.5.79ubuntu1	installed
debconf-i18n	1.5.79ubuntu1	installed
debianutils	5.5-1ubuntu2	installed
dictionaries-common	1.28.14	installed
diffutils	1:3.8-0ubuntu2	installed
dirmngr	2.2.27-3ubuntu2.1	installed
distro-info	1.1ubuntu0.1	installed
distro-info-data	0.52ubuntu0.5	installed
dmeventd	2:1.02.175-2.1ubuntu4	installed
dmidecode	3.3-3ubuntu0.1	installed
dmsetup	2:1.02.175-2.1ubuntu4	installed
dosfstools	4.2-1build3	installed
dpkg	1.21.1ubuntu2.2	installed
dpkg-dev	1.21.1ubuntu2.6	installed
e2fsprogs	1.46.5-2ubuntu1.1	installed
eatmydata	130-2build1	installed
ec2-hibinit-agent	1.0.0-0ubuntu11.22.04.4	installed
ec2-instance-connect	1.1.14-0ubuntu1.1	installed
ed	1.18-1	installed
efibootmgr	17-1ubuntu2	installed
eject	2.37.2-4ubuntu3	installed
emacsen-common	3.0.4	installed
ethtool	1:5.16-1	installed
fakeroot	1.28-1ubuntu1	installed
fdisk	2.37.2-4ubuntu3	installed
file	1:5.41-3ubuntu0.1	installed
finalrd	9build1	installed
findutils	4.8.0-1ubuntu3	installed
fontconfig	2.13.1-4.2ubuntu5	installed
fontconfig-config	2.13.1-4.2ubuntu5	installed
fonts-dejavu-core	2.37-2build1	installed
fonts-ubuntu-console	0.83-6ubuntu1	installed
friendly-recovery	0.2.42	installed
ftp	20210827-4build1	installed
fuse3	3.10.5-1build1	installed
fwupd-signed	1.51.1~22.04.1+1.4-0ubuntu0.1	installed
g++	4:11.2.0-1ubuntu1	installed
g++-11	11.4.0-1ubuntu1~22.04.3	installed
gawk	1:5.1.0-1ubuntu0.1	installed
gcc	4:11.2.0-1ubuntu1	installed
gcc-11	11.4.0-1ubuntu1~22.04.3	installed
gcc-11-base:amd64	11.4.0-1ubuntu1~22.04.3	installed
gcc-12-base:amd64	12.3.0-1ubuntu1~22.04.3	installed
gdisk	1.0.8-4build1	installed
gettext-base	0.21-4ubuntu4	installed
gir1.2-atk-1.0:amd64	2.36.0-3build1	installed
gir1.2-atspi-2.0:amd64	2.44.0-3	installed
gir1.2-ayatanaappindicator3-0.1	0.5.90-7ubuntu2	installed
gir1.2-freedesktop:amd64	1.72.0-1	installed
gir1.2-gdkpixbuf-2.0:amd64	2.42.8+dfsg-1ubuntu0.5	installed
gir1.2-glib-2.0:amd64	1.72.0-1	installed
gir1.2-gtk-3.0:amd64	3.24.33-1ubuntu2.2	installed
gir1.2-harfbuzz-0.0:amd64	2.7.4-1ubuntu3.2	installed
gir1.2-packagekitglib-1.0	1.2.5-2ubuntu2	installed
gir1.2-pango-1.0:amd64	1.50.6+ds-2ubuntu1	installed
git	1:2.34.1-1ubuntu1.10	installed
git-man	1:2.34.1-1ubuntu1.10	installed
gnupg	2.2.27-3ubuntu2.1	installed
gnupg-l10n	2.2.27-3ubuntu2.1	installed
gnupg-utils	2.2.27-3ubuntu2.1	installed
gpg	2.2.27-3ubuntu2.1	installed
gpg-agent	2.2.27-3ubuntu2.1	installed
gpg-wks-client	2.2.27-3ubuntu2.1	installed
gpg-wks-server	2.2.27-3ubuntu2.1	installed
gpgconf	2.2.27-3ubuntu2.1	installed
gpgsm	2.2.27-3ubuntu2.1	installed
gpgv	2.2.27-3ubuntu2.1	installed
grep	3.7-1build1	installed
groff-base	1.22.4-8build1	installed
grub-common	2.06-2ubuntu7.2	installed
grub-efi-amd64-bin	2.06-2ubuntu14.4	installed
grub-efi-amd64-signed	1.187.6+2.06-2ubuntu14.4	installed
grub-gfxpayload-lists	0.7	installed
grub-pc	2.06-2ubuntu7.2	installed
grub-pc-bin	2.06-2ubuntu7.2	installed
grub2-common	2.06-2ubuntu7.2	installed
gsettings-desktop-schemas	42.0-1ubuntu1	installed
gtk-update-icon-cache	3.24.33-1ubuntu2.2	installed
gzip	1.10-4ubuntu4.1	installed
hdparm	9.60+ds-1build3	installed
hibagent	1.0.1-0ubuntu2.22.04.2	installed
hicolor-icon-theme	0.17-2	installed
hostname	3.23ubuntu2	installed
htop	3.0.5-7build2	installed
humanity-icon-theme	0.6.16	installed
hunspell-en-us	1:2020.12.07-2	installed
info	6.8-4build1	installed
init	1.62	installed
init-system-helpers	1.62	installed
initramfs-tools	0.140ubuntu13.4	installed
initramfs-tools-bin	0.140ubuntu13.4	installed
initramfs-tools-core	0.140ubuntu13.4	installed
install-info	6.8-4build1	installed
intel-microcode	3.20231114.0ubuntu0.22.04.1	installed
iproute2	5.15.0-1ubuntu2	installed
iptables	1.8.7-1ubuntu5.1	installed
iputils-ping	3:20211215-1	installed
iputils-tracepath	3:20211215-1	installed
irqbalance	1.8.0-1ubuntu0.2	installed
isc-dhcp-client	4.4.1-2.3ubuntu2.4	installed
isc-dhcp-common	4.4.1-2.3ubuntu2.4	installed
iso-codes	4.9.0-1	installed
iucode-tool	2.3.1-1build1	installed
javascript-common	11+nmu1	installed
jq	1.6-2.1ubuntu3.2	installed
kbd	2.3.0-3ubuntu4.22.04	installed
keyboard-configuration	1.205ubuntu3	installed
klibc-utils	2.0.10-4	installed
kmod	29-1ubuntu1	installed
kpartx	0.8.8-1ubuntu1.22.04.3	installed
landscape-common	19.12-0ubuntu13	installed
less	590-1ubuntu0.22.04.1	installed
libacl1:amd64	2.3.1-1	installed
libaio1:amd64	0.3.112-13build1	installed
libalgorithm-diff-perl	1.201-1	installed
libalgorithm-diff-xs-perl	0.04-6build3	installed
libalgorithm-merge-perl	0.08-3	installed
libapparmor1:amd64	3.0.4-2ubuntu2.3	installed
libappstream4:amd64	0.15.2-2	installed
libapt-pkg6.0:amd64	2.4.11	installed
libarchive13:amd64	3.6.0-1ubuntu1	installed
libargon2-1:amd64	0~20171227-0.3	installed
libasan6:amd64	11.4.0-1ubuntu1~22.04.3	installed
libasound2:amd64	1.2.6.1-1ubuntu1.2	installed
libasound2-data	1.2.6.1-1ubuntu1.2	installed
libassuan0:amd64	2.5.5-1build1	installed
libatasmart4:amd64	0.19-5build2	installed
libatk-bridge2.0-0:amd64	2.38.0-3	installed
libatk1.0-0:amd64	2.36.0-3build1	installed
libatk1.0-data	2.36.0-3build1	installed
libatm1:amd64	1:2.5.1-4build2	installed
libatomic1:amd64	12.3.0-1ubuntu1~22.04.3	installed
libatspi2.0-0:amd64	2.44.0-3	installed
libattr1:amd64	1:2.5.1-1build1	installed
libaudit-common	1:3.0.7-1build1	installed
libaudit1:amd64	1:3.0.7-1build1	installed
libauthen-sasl-perl	2.1600-1.1	installed
libavahi-client3:amd64	0.8-5ubuntu5.5	installed
libavahi-common-data:amd64	0.8-5ubuntu5.5	installed
libavahi-common3:amd64	0.8-5ubuntu5.5	installed
libayatana-appindicator3-1	0.5.90-7ubuntu2	installed
libayatana-ido3-0.4-0:amd64	0.9.1-1	installed
libayatana-indicator3-7:amd64	0.9.1-1	installed
libbinutils:amd64	2.38-4ubuntu2.3	installed
libblkid1:amd64	2.37.2-4ubuntu3	installed
libblockdev-crypto2:amd64	2.26-1	installed
libblockdev-fs2:amd64	2.26-1	installed
libblockdev-loop2:amd64	2.26-1	installed
libblockdev-part-err2:amd64	2.26-1	installed
libblockdev-part2:amd64	2.26-1	installed
libblockdev-swap2:amd64	2.26-1	installed
libblockdev-utils2:amd64	2.26-1	installed
libblockdev2:amd64	2.26-1	installed
libbpf0:amd64	1:0.5.0-1ubuntu22.04.1	installed
libbrotli1:amd64	1.0.9-2build6	installed
libbsd0:amd64	0.11.5-1	installed
libbz2-1.0:amd64	1.0.8-5ubuntu0.1	installed
libc-bin	2.35-0ubuntu3.4	installed
libc-dev-bin	2.35-0ubuntu3.15	installed
libc-devtools	2.35-0ubuntu3.15	installed
libc6:amd64	2.35-0ubuntu3.15	installed
libc6-dev:amd64	2.35-0ubuntu3.15	installed
libcairo-gobject2:amd64	1.16.0-5ubuntu2.1	installed
libcairo2:amd64	1.16.0-5ubuntu2.1	installed
libcanberra0:amd64	0.30-10ubuntu1.22.04.1	installed
libcap-ng0:amd64	0.7.9-2.2build3	installed
libcap2:amd64	1:2.44-1ubuntu0.22.04.1	installed
libcap2-bin	1:2.44-1ubuntu0.22.04.1	installed
libcbor0.8:amd64	0.8.0-2ubuntu1	installed
libcc1-0:amd64	12.3.0-1ubuntu1~22.04.3	installed
libclone-perl	0.45-1build3	installed
libcolord2:amd64	1.4.6-1	installed
libcom-err2:amd64	1.46.5-2ubuntu1.1	installed
libcrypt-dev:amd64	1:4.4.27-1	installed
libcrypt1:amd64	1:4.4.27-1	installed
libcryptsetup12:amd64	2:2.4.3-1ubuntu1.1	installed
libctf-nobfd0:amd64	2.38-4ubuntu2.3	installed
libctf0:amd64	2.38-4ubuntu2.3	installed
libcups2:amd64	2.4.1op1-1ubuntu4.21	installed
libcurl3-gnutls:amd64	7.81.0-1ubuntu1.15	installed
libcurl4:amd64	7.81.0-1ubuntu1.15	installed
libdata-dump-perl	1.25-1	installed
libdatrie1:amd64	0.2.13-2	installed
libdb5.3:amd64	5.3.28+dfsg1-0.8ubuntu3	installed
libdbus-1-3:amd64	1.12.20-2ubuntu4.1	installed
libdbusmenu-glib4:amd64	16.04.1+18.10.20180917-0ubuntu8	installed
libdbusmenu-gtk3-4:amd64	16.04.1+18.10.20180917-0ubuntu8	installed
libdconf1:amd64	0.40.0-3ubuntu0.1	installed
libdebconfclient0:amd64	0.261ubuntu1	installed
libdeflate0:amd64	1.10-2	installed
libdevmapper-event1.02.1:amd64	2:1.02.175-2.1ubuntu4	installed
libdevmapper1.02.1:amd64	2:1.02.175-2.1ubuntu4	installed
libdns-export1110	1:9.11.19+dfsg-2.1ubuntu3	installed
libdpkg-perl	1.21.1ubuntu2.6	installed
libdrm-amdgpu1:amd64	2.4.113-2~ubuntu0.22.04.1	installed
libdrm-common	2.4.113-2~ubuntu0.22.04.1	installed
libdrm-intel1:amd64	2.4.113-2~ubuntu0.22.04.1	installed
libdrm-nouveau2:amd64	2.4.113-2~ubuntu0.22.04.1	installed
libdrm-radeon1:amd64	2.4.113-2~ubuntu0.22.04.1	installed
libdrm2:amd64	2.4.113-2~ubuntu0.22.04.1	installed
libdw1:amd64	0.186-1build1	installed
libeatmydata1:amd64	130-2build1	installed
libedit2:amd64	3.1-20210910-1build1	installed
libefiboot1:amd64	37-6ubuntu2	installed
libefivar1:amd64	37-6ubuntu2	installed
libelf1:amd64	0.186-1build1	installed
libencode-locale-perl	1.05-1.1	installed
libepoxy0:amd64	1.5.10-1	installed
liberror-perl	0.17029-1	installed
libestr0:amd64	0.1.10-2.1build3	installed
libevent-core-2.1-7:amd64	2.1.12-stable-1build3	installed
libexpat1:amd64	2.4.7-1ubuntu0.9	installed
libexpat1-dev:amd64	2.4.7-1ubuntu0.9	installed
libext2fs2:amd64	1.46.5-2ubuntu1.1	installed
libfakeroot:amd64	1.28-1ubuntu1	installed
libfastjson4:amd64	0.99.9-1build2	installed
libfdisk1:amd64	2.37.2-4ubuntu3	installed
libffi8:amd64	3.4.2-4	installed
libfido2-1:amd64	1.10.0-1	installed
libfile-basedir-perl	0.09-1	installed
libfile-desktopentry-perl	0.22-2	installed
libfile-fcntllock-perl	0.22-3build7	installed
libfile-listing-perl	6.14-1	installed
libfile-mimeinfo-perl	0.31-1	installed
libflashrom1:amd64	1.2-5build1	installed
libfont-afm-perl	1.20-3	installed
libfontconfig1:amd64	2.13.1-4.2ubuntu5	installed
libfontenc1:amd64	1:1.1.4-1build3	installed
libfreetype6:amd64	2.11.1+dfsg-1ubuntu0.2	installed
libfribidi0:amd64	1.0.8-2ubuntu3.1	installed
libftdi1-2:amd64	1.5-5build3	installed
libfuse3-3:amd64	3.10.5-1build1	installed
libfwupd2:amd64	1.7.9-1~22.04.3	installed
libfwupdplugin5:amd64	1.7.9-1~22.04.3	installed
libgcab-1.0-0:amd64	1.4-3build2	installed
libgcc-11-dev:amd64	11.4.0-1ubuntu1~22.04.3	installed
libgcc-s1:amd64	12.3.0-1ubuntu1~22.04.3	installed
libgcrypt20:amd64	1.9.4-3ubuntu3	installed
libgd3:amd64	2.3.0-2ubuntu2.3	installed
libgdbm-compat4:amd64	1.23-1	installed
libgdbm6:amd64	1.23-1	installed
libgdk-pixbuf-2.0-0:amd64	2.42.8+dfsg-1ubuntu0.5	installed
libgdk-pixbuf2.0-bin	2.42.8+dfsg-1ubuntu0.5	installed
libgdk-pixbuf2.0-common	2.42.8+dfsg-1ubuntu0.5	installed
libgirepository-1.0-1:amd64	1.72.0-1	installed
libgl1:amd64	1.4.0-1	installed
libgl1-amber-dri:amd64	21.3.9-0ubuntu1~22.04.2	installed
libgl1-mesa-dri:amd64	23.2.1-1ubuntu3.1~22.04.4	installed
libglapi-mesa:amd64	23.2.1-1ubuntu3.1~22.04.4	installed
libglib2.0-0:amd64	2.72.4-0ubuntu2.2	installed
libglib2.0-bin	2.72.4-0ubuntu2.2	installed
libglib2.0-data	2.72.4-0ubuntu2.2	installed
libglvnd0:amd64	1.4.0-1	installed
libglx-mesa0:amd64	23.2.1-1ubuntu3.1~22.04.4	installed
libglx0:amd64	1.4.0-1	installed
libgmp10:amd64	2:6.2.1+dfsg-3ubuntu1	installed
libgnutls30:amd64	3.7.3-4ubuntu1.3	installed
libgomp1:amd64	12.3.0-1ubuntu1~22.04.3	installed
libgpg-error0:amd64	1.43-3	installed
libgpgme11:amd64	1.16.0-1.2ubuntu4.1	installed
libgpm2:amd64	1.20.7-10build1	installed
libgraphite2-3:amd64	1.3.14-1ubuntu0.1	installed
libgssapi-krb5-2:amd64	1.19.2-2ubuntu0.3	installed
libgstreamer1.0-0:amd64	1.20.3-0ubuntu1	installed
libgtk-3-0:amd64	3.24.33-1ubuntu2.2	installed
libgtk-3-bin	3.24.33-1ubuntu2.2	installed
libgtk-3-common	3.24.33-1ubuntu2.2	installed
libgtkd-3-0:amd64	3.10.0-1ubuntu1	installed
libgudev-1.0-0:amd64	1:237-2build1	installed
libgusb2:amd64	0.3.10-1	installed
libharfbuzz0b:amd64	2.7.4-1ubuntu3.2	installed
libhogweed6:amd64	3.7.3-1build2	installed
libhtml-form-perl	6.07-1	installed
libhtml-format-perl	2.12-1.1	installed
libhtml-parser-perl:amd64	3.76-1ubuntu0.1	installed
libhtml-tagset-perl	3.20-4	installed
libhtml-tree-perl	5.07-2	installed
libhttp-cookies-perl	6.10-1	installed
libhttp-daemon-perl	6.13-1ubuntu0.2	installed
libhttp-date-perl	6.05-1ubuntu0.1	installed
libhttp-message-perl	6.36-1	installed
libhttp-negotiate-perl	6.01-1	installed
libhunspell-1.7-0:amd64	1.7.0-4build1	installed
libice6:amd64	2:1.0.10-1build2	installed
libicu70:amd64	70.1-2	installed
libidn2-0:amd64	2.3.2-2build1	installed
libinih1:amd64	53-1ubuntu3	installed
libintl-perl	1.26-3build2	installed
libintl-xs-perl	1.26-3build2	installed
libio-html-perl	1.004-2	installed
libio-socket-ssl-perl	2.074-2	installed
libio-stringy-perl	2.111-3	installed
libip4tc2:amd64	1.8.7-1ubuntu5.1	installed
libip6tc2:amd64	1.8.7-1ubuntu5.1	installed
libipc-system-simple-perl	1.30-1	installed
libisc-export1105:amd64	1:9.11.19+dfsg-2.1ubuntu3	installed
libisl23:amd64	0.24-2build1	installed
libisns0:amd64	0.101-0ubuntu2	installed
libitm1:amd64	12.3.0-1ubuntu1~22.04.3	installed
libjansson4:amd64	2.13.1-1.1build3	installed
libjbig0:amd64	2.1-3.1ubuntu0.22.04.1	installed
libjcat1:amd64	0.1.9-1	installed
libjpeg-turbo8:amd64	2.1.2-0ubuntu1	installed
libjpeg8:amd64	8c-2ubuntu10	installed
libjq1:amd64	1.6-2.1ubuntu3.2	installed
libjs-jquery	3.6.0+dfsg+~3.5.13-1	installed
libjs-sphinxdoc	4.3.2-1	installed
libjs-underscore	1.13.2~dfsg-2	installed
libjson-c5:amd64	0.15-3~ubuntu1.22.04.2	installed
libjson-glib-1.0-0:amd64	1.6.6-1build1	installed
libjson-glib-1.0-common	1.6.6-1build1	installed
libk5crypto3:amd64	1.19.2-2ubuntu0.3	installed
libkeyutils1:amd64	1.6.1-2ubuntu3	installed
libklibc:amd64	2.0.10-4	installed
libkmod2:amd64	29-1ubuntu1	installed
libkrb5-3:amd64	1.19.2-2ubuntu0.3	installed
libkrb5support0:amd64	1.19.2-2ubuntu0.3	installed
libksba8:amd64	1.6.0-2ubuntu0.2	installed
liblcms2-2:amd64	2.12~rc1-2ubuntu0.1	installed
libldap-2.5-0:amd64	2.5.16+dfsg-0ubuntu0.22.04.1	installed
libldap-common	2.5.16+dfsg-0ubuntu0.22.04.1	installed
libllvm11:amd64	1:11.1.0-6	installed
libllvm15:amd64	1:15.0.7-0ubuntu0.22.04.3	installed
liblmdb0:amd64	0.9.24-1build2	installed
liblocale-gettext-perl	1.07-4build3	installed
liblsan0:amd64	12.3.0-1ubuntu1~22.04.3	installed
libltdl7:amd64	2.4.6-15build2	installed
liblvm2cmd2.03:amd64	2.03.11-2.1ubuntu4	installed
liblwp-mediatypes-perl	6.04-1	installed
liblwp-protocol-https-perl	6.10-1	installed
liblz4-1:amd64	1.9.3-2build2	installed
liblzma5:amd64	5.2.5-2ubuntu1	installed
liblzo2-2:amd64	2.10-2build3	installed
libmagic-mgc	1:5.41-3ubuntu0.1	installed
libmagic1:amd64	1:5.41-3ubuntu0.1	installed
libmailtools-perl	2.21-1	installed
libmaxminddb0:amd64	1.5.2-1build2	installed
libmbim-glib4:amd64	1.28.0-1~ubuntu20.04.1	installed
libmbim-proxy	1.28.0-1~ubuntu20.04.1	installed
libmd0:amd64	1.0.4-1build1	installed
libmm-glib0:amd64	1.20.0-1~ubuntu22.04.2	installed
libmnl0:amd64	1.0.4-3build2	installed
libmodule-find-perl	0.15-1	installed
libmodule-scandeps-perl	1.31-1	installed
libmount1:amd64	2.37.2-4ubuntu3	installed
libmpc3:amd64	1.2.1-2build1	installed
libmpdec3:amd64	2.5.1-2build2	installed
libmpfr6:amd64	4.1.0-3build3	installed
libmspack0:amd64	0.10.1-2build2	installed
libncurses6:amd64	6.3-2ubuntu0.1	installed
libncursesw6:amd64	6.3-2ubuntu0.1	installed
libnet-dbus-perl	1.2.0-1build3	installed
libnet-http-perl	6.22-1	installed
libnet-smtp-ssl-perl	1.04-1	installed
libnet-ssleay-perl:amd64	1.92-1build2	installed
libnetfilter-conntrack3:amd64	1.0.9-1	installed
libnetplan0:amd64	0.106.1-7ubuntu0.22.04.2	installed
libnettle8:amd64	3.7.3-1build2	installed
libnewt0.52:amd64	0.52.21-5ubuntu2	installed
libnfnetlink0:amd64	1.0.1-3build3	installed
libnftables1:amd64	1.0.2-1ubuntu3	installed
libnftnl11:amd64	1.2.1-1build1	installed
libnghttp2-14:amd64	1.43.0-1ubuntu0.1	installed
libnginx-mod-http-geoip2	1.18.0-6ubuntu14.21	installed
libnginx-mod-http-image-filter	1.18.0-6ubuntu14.21	installed
libnginx-mod-http-xslt-filter	1.18.0-6ubuntu14.21	installed
libnginx-mod-mail	1.18.0-6ubuntu14.21	installed
libnginx-mod-stream	1.18.0-6ubuntu14.21	installed
libnginx-mod-stream-geoip2	1.18.0-6ubuntu14.21	installed
libnl-3-200:amd64	3.5.0-0.1	installed
libnl-genl-3-200:amd64	3.5.0-0.1	installed
libnpth0:amd64	1.6-3build2	installed
libnsl-dev:amd64	1.3.0-2build2	installed
libnsl2:amd64	1.3.0-2build2	installed
libnspr4:amd64	2:4.32-3build1	installed
libnss-systemd:amd64	249.11-0ubuntu3.11	installed
libnss3:amd64	2:3.68.2-0ubuntu1.2	installed
libntfs-3g89	1:2021.8.22-3ubuntu1.2	installed
libnuma1:amd64	2.0.14-3ubuntu2	installed
libogg0:amd64	1.3.5-0ubuntu3	installed
libonig5:amd64	6.9.7.1-2build1	installed
libopeniscsiusr	2.1.5-1ubuntu1	installed
libp11-kit0:amd64	0.24.0-6build1	installed
libpackagekit-glib2-18:amd64	1.2.5-2ubuntu2	installed
libpam-cap:amd64	1:2.44-1ubuntu0.22.04.1	installed
libpam-modules:amd64	1.4.0-11ubuntu2.3	installed
libpam-modules-bin	1.4.0-11ubuntu2.3	installed
libpam-runtime	1.4.0-11ubuntu2.3	installed
libpam-systemd:amd64	249.11-0ubuntu3.11	installed
libpam0g:amd64	1.4.0-11ubuntu2.3	installed
libpango-1.0-0:amd64	1.50.6+ds-2ubuntu1	installed
libpangocairo-1.0-0:amd64	1.50.6+ds-2ubuntu1	installed
libpangoft2-1.0-0:amd64	1.50.6+ds-2ubuntu1	installed
libpangoxft-1.0-0:amd64	1.50.6+ds-2ubuntu1	installed
libparted-fs-resize0:amd64	3.4-2build1	installed
libparted2:amd64	3.4-2build1	installed
libpcap0.8:amd64	1.10.1-4build1	installed
libpci3:amd64	1:3.7.0-6	installed
libpciaccess0:amd64	0.16-3	installed
libpcre2-8-0:amd64	10.39-3ubuntu0.1	installed
libpcre3:amd64	2:8.39-13ubuntu0.22.04.1	installed
libperl5.34:amd64	5.34.0-3ubuntu1.3	installed
libphobos2-ldc-shared98:amd64	1:1.28.0-1ubuntu1	installed
libpipeline1:amd64	1.5.5-1	installed
libpixman-1-0:amd64	0.40.0-1ubuntu0.22.04.1	installed
libplymouth5:amd64	0.9.5+git20211018-1ubuntu3	installed
libpng16-16:amd64	1.6.37-3build5	installed
libpolkit-agent-1-0:amd64	0.105-33	installed
libpolkit-gobject-1-0:amd64	0.105-33	installed
libpopt0:amd64	1.18-3build1	installed
libproc-processtable-perl:amd64	0.634-1build1	installed
libprocps8:amd64	2:3.3.17-6ubuntu2.1	installed
libpsl5:amd64	0.21.0-1.2build2	installed
libpython3-dev:amd64	3.10.6-1~22.04.1	installed
libpython3-stdlib:amd64	3.10.6-1~22.04.1	installed
libpython3.10:amd64	3.10.12-1~22.04.18	installed
libpython3.10-dev:amd64	3.10.12-1~22.04.18	installed
libpython3.10-minimal:amd64	3.10.12-1~22.04.18	installed
libpython3.10-stdlib:amd64	3.10.12-1~22.04.18	installed
libqmi-glib5:amd64	1.32.0-1ubuntu0.22.04.1	installed
libqmi-proxy	1.32.0-1ubuntu0.22.04.1	installed
libquadmath0:amd64	12.3.0-1ubuntu1~22.04.3	installed
libreadline8:amd64	8.1.2-1	installed
librsvg2-2:amd64	2.52.5+dfsg-3ubuntu0.2	installed
librsvg2-common:amd64	2.52.5+dfsg-3ubuntu0.2	installed
librtmp1:amd64	2.4+20151223.gitfa8646d.1-2build4	installed
libsasl2-2:amd64	2.1.27+dfsg2-3ubuntu1.2	installed
libsasl2-modules:amd64	2.1.27+dfsg2-3ubuntu1.2	installed
libsasl2-modules-db:amd64	2.1.27+dfsg2-3ubuntu1.2	installed
libseccomp2:amd64	2.5.3-2ubuntu2	installed
libselinux1:amd64	3.3-1build2	installed
libsemanage-common	3.3-1build2	installed
libsemanage2:amd64	3.3-1build2	installed
libsensors-config	1:3.6.0-7ubuntu1	installed
libsensors5:amd64	1:3.6.0-7ubuntu1	installed
libsepol2:amd64	3.3-1build1	installed
libsgutils2-2:amd64	1.46-1ubuntu0.22.04.1	installed
libsigsegv2:amd64	2.13-1ubuntu3	installed
libslang2:amd64	2.3.2-5build4	installed
libsm6:amd64	2:1.2.3-1build2	installed
libsmartcols1:amd64	2.37.2-4ubuntu3	installed
libsmbios-c2	2.4.3-1build1	installed
libsodium23:amd64	1.0.18-1build2	installed
libsort-naturally-perl	1.03-2	installed
libsqlite3-0:amd64	3.37.2-2ubuntu0.1	installed
libss2:amd64	1.46.5-2ubuntu1.1	installed
libssh-4:amd64	0.9.6-2ubuntu0.22.04.1	installed
libssl3:amd64	3.0.2-0ubuntu1.12	installed
libstdc++-11-dev:amd64	11.4.0-1ubuntu1~22.04.3	installed
libstdc++6:amd64	12.3.0-1ubuntu1~22.04.3	installed
libstemmer0d:amd64	2.2.0-1build1	installed
libsystemd0:amd64	249.11-0ubuntu3.11	installed
libtasn1-6:amd64	4.18.0-4build1	installed
libtcl8.6:amd64	8.6.12+dfsg-1build1	installed
libtdb1:amd64	1.4.5-2build1	installed
libterm-readkey-perl	2.38-1build4	installed
libtext-charwidth-perl	0.04-10build3	installed
libtext-iconv-perl	1.7-7build3	installed
libtext-wrapi18n-perl	0.06-9	installed
libthai-data	0.1.29-1build1	installed
libthai0:amd64	0.1.29-1build1	installed
libtie-ixhash-perl	1.23-2.1	installed
libtiff5:amd64	4.3.0-6ubuntu0.13	installed
libtimedate-perl	2.3300-2	installed
libtinfo6:amd64	6.3-2ubuntu0.1	installed
libtirpc-common	1.3.2-2ubuntu0.1	installed
libtirpc-dev:amd64	1.3.2-2ubuntu0.1	installed
libtirpc3:amd64	1.3.2-2ubuntu0.1	installed
libtry-tiny-perl	0.31-1	installed
libtsan0:amd64	11.4.0-1ubuntu1~22.04.3	installed
libtss2-esys-3.0.2-0:amd64	3.2.0-1ubuntu1	installed
libtss2-mu0:amd64	3.2.0-1ubuntu1	installed
libtss2-sys1:amd64	3.2.0-1ubuntu1	installed
libtss2-tcti-cmd0:amd64	3.2.0-1ubuntu1	installed
libtss2-tcti-device0:amd64	3.2.0-1ubuntu1	installed
libtss2-tcti-mssim0:amd64	3.2.0-1ubuntu1	installed
libtss2-tcti-swtpm0:amd64	3.2.0-1ubuntu1	installed
libubsan1:amd64	12.3.0-1ubuntu1~22.04.3	installed
libuchardet0:amd64	0.0.7-1build2	installed
libudev1:amd64	249.11-0ubuntu3.11	installed
libudisks2-0:amd64	2.9.4-1ubuntu2	installed
libunistring2:amd64	1.0-1	installed
libunwind8:amd64	1.3.2-2build2.1	installed
liburcu8:amd64	0.13.1-1	installed
liburi-perl	5.10-1	installed
libusb-1.0-0:amd64	2:1.0.25-1ubuntu2	installed
libutempter0:amd64	1.2.1-2build2	installed
libuuid1:amd64	2.37.2-4ubuntu3	installed
libuv1:amd64	1.43.0-1	installed
libvolume-key1	0.3.12-3.1build3	installed
libvorbis0a:amd64	1.3.7-1build2	installed
libvorbisfile3:amd64	1.3.7-1build2	installed
libvte-2.91-0:amd64	0.68.0-1ubuntu0.1	installed
libvte-2.91-common	0.68.0-1ubuntu0.1	installed
libvted-3-0:amd64	3.10.0-1ubuntu1	installed
libwayland-client0:amd64	1.20.0-1ubuntu0.1	installed
libwayland-cursor0:amd64	1.20.0-1ubuntu0.1	installed
libwayland-egl1:amd64	1.20.0-1ubuntu0.1	installed
libwebp7:amd64	1.2.2-2ubuntu0.22.04.2	installed
libwrap0:amd64	7.6.q-31build2	installed
libwww-perl	6.61-1ubuntu0.1	installed
libwww-robotrules-perl	6.02-1	installed
libx11-6:amd64	2:1.7.5-1ubuntu0.3	installed
libx11-data	2:1.7.5-1ubuntu0.3	installed
libx11-protocol-perl	0.56-7.1	installed
libx11-xcb1:amd64	2:1.7.5-1ubuntu0.3	installed
libxau6:amd64	1:1.0.9-1build5	installed
libxaw7:amd64	2:1.0.14-1	installed
libxcb-dri2-0:amd64	1.14-3ubuntu3	installed
libxcb-dri3-0:amd64	1.14-3ubuntu3	installed
libxcb-glx0:amd64	1.14-3ubuntu3	installed
libxcb-present0:amd64	1.14-3ubuntu3	installed
libxcb-randr0:amd64	1.14-3ubuntu3	installed
libxcb-render0:amd64	1.14-3ubuntu3	installed
libxcb-shape0:amd64	1.14-3ubuntu3	installed
libxcb-shm0:amd64	1.14-3ubuntu3	installed
libxcb-sync1:amd64	1.14-3ubuntu3	installed
libxcb-xfixes0:amd64	1.14-3ubuntu3	installed
libxcb1:amd64	1.14-3ubuntu3	installed
libxcomposite1:amd64	1:0.4.5-1build2	installed
libxcursor1:amd64	1:1.2.0-2build4	installed
libxdamage1:amd64	1:1.1.5-2build2	installed
libxdmcp6:amd64	1:1.1.3-0ubuntu5	installed
libxext6:amd64	2:1.3.4-1build1	installed
libxfixes3:amd64	1:6.0.0-1	installed
libxft2:amd64	2.3.4-1	installed
libxi6:amd64	2:1.8-1build1	installed
libxinerama1:amd64	2:1.1.4-3	installed
libxkbcommon0:amd64	1.4.0-1	installed
libxkbfile1:amd64	1:1.1.0-1build3	installed
libxml-parser-perl:amd64	2.46-3ubuntu0.1	installed
libxml-twig-perl	1:3.52-1	installed
libxml-xpathengine-perl	0.14-1	installed
libxml2:amd64	2.9.13+dfsg-1ubuntu0.3	installed
libxmlb2:amd64	0.3.6-2build1	installed
libxmlsec1:amd64	1.2.33-1build2	installed
libxmlsec1-openssl:amd64	1.2.33-1build2	installed
libxmu6:amd64	2:1.1.3-3	installed
libxmuu1:amd64	2:1.1.3-3	installed
libxpm4:amd64	1:3.5.12-1ubuntu0.22.04.3	installed
libxrandr2:amd64	2:1.5.2-1build1	installed
libxrender1:amd64	1:0.9.10-1build4	installed
libxshmfence1:amd64	1.3-1build4	installed
libxslt1.1:amd64	1.1.34-4ubuntu0.22.04.1	installed
libxt6:amd64	1:1.2.1-1	installed
libxtables12:amd64	1.8.7-1ubuntu5.1	installed
libxtst6:amd64	2:1.2.3-1build4	installed
libxv1:amd64	2:1.0.11-1build2	installed
libxxf86dga1:amd64	2:1.1.5-0ubuntu3	installed
libxxf86vm1:amd64	1:1.1.4-1build3	installed
libxxhash0:amd64	0.8.1-1	installed
libyaml-0-2:amd64	0.2.2-1build2	installed
libzstd1:amd64	1.4.8+dfsg-3build1	installed
linux-aws	6.2.0.1017.17~22.04.1	installed
linux-aws-6.2-headers-6.2.0-1017	6.2.0-1017.17~22.04.1	installed
linux-base	4.5ubuntu9	installed
linux-headers-6.2.0-1017-aws	6.2.0-1017.17~22.04.1	installed
linux-headers-aws	6.2.0.1017.17~22.04.1	installed
linux-image-6.2.0-1017-aws	6.2.0-1017.17~22.04.1	installed
linux-image-aws	6.2.0.1017.17~22.04.1	installed
linux-libc-dev:amd64	5.15.0-194.204	installed
linux-modules-6.2.0-1017-aws	6.2.0-1017.17~22.04.1	installed
locales	2.35-0ubuntu3.4	installed
login	1:4.8.1-2ubuntu2.1	installed
logrotate	3.19.0-1ubuntu1.1	installed
logsave	1.46.5-2ubuntu1.1	installed
lsb-base	11.1.0ubuntu4	installed
lsb-release	11.1.0ubuntu4	installed
lshw	02.19.git.2021.06.19.996aaad9c7-2build1	installed
lsof	4.93.2+dfsg-1.1build2	installed
lto-disabled-list	24	installed
lvm2	2.03.11-2.1ubuntu4	installed
lxd-agent-loader	0.5	installed
mailcap	3.70+nmu1ubuntu1.22.04.1	installed
make	4.3-4.1build1	installed
man-db	2.10.2-1	installed
manpages	5.10-1ubuntu1	installed
manpages-dev	5.10-1ubuntu1	installed
mawk	1.3.4.20200120-3	installed
mdadm	4.2-0ubuntu2	installed
media-types	7.0.0	installed
microcode-initrd	2build1	installed
mime-support	3.66	installed
mokutil	0.6.0-2~22.04.2	installed
motd-news-config	12ubuntu4.4	installed
mount	2.37.2-4ubuntu3	installed
mtr-tiny	0.95-1	installed
multipath-tools	0.8.8-1ubuntu1.22.04.3	installed
nano	6.2-1	installed
ncurses-base	6.3-2ubuntu0.1	installed
ncurses-bin	6.3-2ubuntu0.1	installed
ncurses-term	6.3-2ubuntu0.1	installed
needrestart	3.5-5ubuntu2.1	installed
net-tools	1.60+git20181103.0eebece-1ubuntu5.4	installed
netbase	6.3	installed
netcat-openbsd	1.218-4ubuntu1	installed
netplan.io	0.106.1-7ubuntu0.22.04.2	installed
networkd-dispatcher	2.1-2ubuntu0.22.04.2	installed
nftables	1.0.2-1ubuntu3	installed
nginx	1.18.0-6ubuntu14.21	installed
nginx-common	1.18.0-6ubuntu14.21	installed
nginx-core	1.18.0-6ubuntu14.21	installed
ntfs-3g	1:2021.8.22-3ubuntu1.2	installed
onboard	1.4.1-5build5	installed
onboard-common	1.4.1-5build5	installed
onboard-data	1.4.1-5build5	installed
open-iscsi	2.1.5-1ubuntu1	installed
open-vm-tools	2:12.1.5-3~ubuntu0.22.04.4	installed
openssh-client	1:8.9p1-3ubuntu0.4	installed
openssh-server	1:8.9p1-3ubuntu0.4	installed
openssh-sftp-server	1:8.9p1-3ubuntu0.4	installed
openssl	3.0.2-0ubuntu1.12	installed
os-prober	1.79ubuntu2	installed
overlayroot	0.47ubuntu1	installed
packagekit	1.2.5-2ubuntu2	installed
packagekit-tools	1.2.5-2ubuntu2	installed
parted	3.4-2build1	installed
passwd	1:4.8.1-2ubuntu2.1	installed
pastebinit	1.5.1-1ubuntu1	installed
patch	2.7.6-7build2	installed
pci.ids	0.0~2022.01.22-1	installed
pciutils	1:3.7.0-6	installed
perl	5.34.0-3ubuntu1.3	installed
perl-base	5.34.0-3ubuntu1.3	installed
perl-modules-5.34	5.34.0-3ubuntu1.3	installed
perl-openssl-defaults:amd64	5build2	installed
php-common	2:92ubuntu1	installed
php8.1-cli	8.1.2-1ubuntu2.26	installed
php8.1-common	8.1.2-1ubuntu2.26	installed
php8.1-fpm	8.1.2-1ubuntu2.26	installed
php8.1-opcache	8.1.2-1ubuntu2.26	installed
php8.1-readline	8.1.2-1ubuntu2.26	installed
pinentry-curses	1.1.1-1build2	installed
pkexec	0.105-33	installed
plymouth	0.9.5+git20211018-1ubuntu3	installed
plymouth-theme-ubuntu-text	0.9.5+git20211018-1ubuntu3	installed
policykit-1	0.105-33	installed
polkitd	0.105-33	installed
pollinate	4.33-3ubuntu2	installed
powermgmt-base	1.36	installed
procps	2:3.3.17-6ubuntu2.1	installed
psmisc	23.4-2build3	installed
publicsuffix	20211207.1025-1	installed
python-apt-common	2.4.0ubuntu2	installed
python-babel-localedata	2.8.0+dfsg.1-7	installed
python3	3.10.6-1~22.04.1	installed
python3-apport	2.20.11-0ubuntu82.5	installed
python3-apt	2.4.0ubuntu2	installed
python3-attr	21.2.0-1	installed
python3-automat	20.2.0-1	installed
python3-babel	2.8.0+dfsg.1-7	installed
python3-bcrypt	3.2.0-1build1	installed
python3-blinker	1.4+dfsg1-0.4	installed
python3-cairo:amd64	1.20.1-3build1	installed
python3-certifi	2020.6.20-1	installed
python3-cffi-backend:amd64	1.15.0-1build2	installed
python3-chardet	4.0.0-1	installed
python3-click	8.0.3-1	installed
python3-colorama	0.4.4-1	installed
python3-commandnotfound	22.04.0	installed
python3-configobj	5.0.6-5	installed
python3-constantly	15.1.0-2	installed
python3-cryptography	3.4.8-1ubuntu2.1	installed
python3-dbus	1.2.18-3build1	installed
python3-debconf	1.5.79ubuntu1	installed
python3-debian	0.1.43ubuntu1.1	installed
python3-dev	3.10.6-1~22.04.1	installed
python3-distro	1.7.0-1	installed
python3-distro-info	1.1ubuntu0.1	installed
python3-distupgrade	1:22.04.17	installed
python3-distutils	3.10.8-1~22.04	installed
python3-gdbm:amd64	3.10.8-1~22.04	installed
python3-gi	3.42.1-0ubuntu1	installed
python3-gi-cairo	3.42.1-0ubuntu1	installed
python3-hamcrest	2.0.2-2	installed
python3-httplib2	0.20.2-2	installed
python3-hyperlink	21.0.0-3	installed
python3-idna	3.3-1	installed
python3-importlib-metadata	4.6.4-1	installed
python3-incremental	21.3.0-1	installed
python3-jeepney	0.7.1-3	installed
python3-jinja2	3.0.3-1	installed
python3-json-pointer	2.0-0ubuntu1	installed
python3-jsonpatch	1.32-2	installed
python3-jsonschema	3.2.0-0ubuntu2	installed
python3-jwt	2.3.0-1ubuntu0.2	installed
python3-keyring	23.5.0-1	installed
python3-launchpadlib	1.10.16-1	installed
python3-lazr.restfulclient	0.14.4-1	installed
python3-lazr.uri	1.0.6-2	installed
python3-lib2to3	3.10.8-1~22.04	installed
python3-magic	2:0.4.24-2	installed
python3-markupsafe	2.0.1-2build1	installed
python3-minimal	3.10.6-1~22.04.1	installed
python3-more-itertools	8.10.0-2	installed
python3-netifaces:amd64	0.11.0-1build2	installed
python3-newt:amd64	0.52.21-5ubuntu2	installed
python3-oauthlib	3.2.0-1ubuntu0.1	installed
python3-openssl	21.0.0-1	installed
python3-pexpect	4.8.0-2ubuntu1	installed
python3-pip	22.0.2+dfsg-1ubuntu0.7	installed
python3-pip-whl	22.0.2+dfsg-1ubuntu0.7	installed
python3-pkg-resources	59.6.0-1.2ubuntu0.22.04.1	installed
python3-problem-report	2.20.11-0ubuntu82.5	installed
python3-ptyprocess	0.7.0-3	installed
python3-pyasn1	0.4.8-1	installed
python3-pyasn1-modules	0.2.1-1	installed
python3-pyparsing	2.4.7-1	installed
python3-pyrsistent:amd64	0.18.1-1build1	installed
python3-requests	2.25.1+dfsg-2ubuntu0.1	installed
python3-secretstorage	3.3.1-1	installed
python3-serial	3.5-1	installed
python3-service-identity	18.1.0-6	installed
python3-setuptools	59.6.0-1.2ubuntu0.22.04.1	installed
python3-setuptools-whl	59.6.0-1.2ubuntu0.22.04.3	installed
python3-six	1.16.0-3ubuntu1	installed
python3-software-properties	0.99.22.8	installed
python3-systemd	234-3ubuntu2	installed
python3-twisted	22.1.0-2ubuntu2.3	installed
python3-tz	2022.1-1ubuntu0.22.04.1	installed
python3-update-manager	1:22.04.17	installed
python3-urllib3	1.26.5-1~exp1ubuntu0.1	installed
python3-wadllib	1.3.6-1	installed
python3-wheel	0.37.1-2ubuntu0.22.04.1	installed
python3-yaml	5.4.1-1ubuntu1	installed
python3-zipp	1.0.0-3	installed
python3-zope.interface	5.4.0-1build1	installed
python3.10	3.10.12-1~22.04.18	installed
python3.10-dev	3.10.12-1~22.04.18	installed
python3.10-minimal	3.10.12-1~22.04.18	installed
python3.10-venv	3.10.12-1~22.04.18	installed
readline-common	8.1.2-1	installed
rpcsvc-proto	1.4.2-0ubuntu6	installed
rsync	3.2.7-0ubuntu0.22.04.2	installed
rsyslog	8.2112.0-2ubuntu2.2	installed
run-one	1.17-0ubuntu1	installed
sbsigntool	0.9.4-2ubuntu2	installed
screen	4.9.0-1	installed
secureboot-db	1.8	installed
sed	4.8-1ubuntu2	installed
sensible-utils	0.0.17	installed
session-migration	0.3.6	installed
sg3-utils	1.46-1ubuntu0.22.04.1	installed
sg3-utils-udev	1.46-1ubuntu0.22.04.1	installed
shared-mime-info	2.1-2	installed
shim-signed	1.51.3+15.7-0ubuntu1	installed
snapd	2.58+22.04.1	installed
software-properties-common	0.99.22.8	installed
sosreport	4.5.6-0ubuntu1~22.04.2	installed
sound-theme-freedesktop	0.8-2ubuntu1	installed
squashfs-tools	1:4.5-3build1	installed
ssh-import-id	5.11-0ubuntu1	installed
strace	5.16-0ubuntu3	installed
stress	1.0.5-1	installed
sudo	1.9.9-1ubuntu2.4	installed
systemd	249.11-0ubuntu3.11	installed
systemd-hwe-hwdb	249.11.3	installed
systemd-sysv	249.11-0ubuntu3.11	installed
sysvinit-utils	3.01-1ubuntu1	installed
tar	1.34+dfsg-1ubuntu0.1.22.04.1	installed
tcl	8.6.11+1build2	installed
tcl8.6	8.6.12+dfsg-1build1	installed
tcpdump	4.99.1-3ubuntu0.1	installed
telnet	0.17-44build1	installed
thin-provisioning-tools	0.9.0-2ubuntu1	installed
tilix	1.9.4-2build1	installed
tilix-common	1.9.4-2build1	installed
time	1.9-0.1build2	installed
tmux	3.2a-4ubuntu0.2	installed
tnftp	20210827-4build1	installed
tpm-udev	0.6	installed
tzdata	2023c-0ubuntu0.22.04.2	installed
ubuntu-advantage-tools	30~22.04	installed
ubuntu-keyring	2021.03.26	installed
ubuntu-minimal	1.481.1	installed
ubuntu-mono	20.10-0ubuntu2	installed
ubuntu-pro-client-l10n	30~22.04	installed
ubuntu-release-upgrader-core	1:22.04.17	installed
ubuntu-server	1.481.1	installed
ubuntu-standard	1.481.1	installed
ucf	3.0043	installed
udev	249.11-0ubuntu3.11	installed
ufw	0.36.1-4ubuntu0.1	installed
unattended-upgrades	2.8ubuntu1	installed
unzip	6.0-26ubuntu3.2	installed
update-manager-core	1:22.04.17	installed
update-notifier-common	3.192.54.6	installed
usb-modeswitch	2.6.1-3ubuntu2	installed
usb-modeswitch-data	20191128-4	installed
usb.ids	2022.04.02-1	installed
usbutils	1:014-1build1	installed
usrmerge	25ubuntu2	installed
util-linux	2.37.2-4ubuntu3	installed
uuid-runtime	2.37.2-4ubuntu3	installed
vim	2:8.2.3995-1ubuntu2.13	installed
vim-common	2:8.2.3995-1ubuntu2.13	installed
vim-runtime	2:8.2.3995-1ubuntu2.13	installed
vim-tiny	2:8.2.3995-1ubuntu2.13	installed
wget	1.21.2-2ubuntu1	installed
whiptail	0.52.21-5ubuntu2	installed
x11-common	1:7.7+23ubuntu2	installed
x11-utils	7.7+5build2	installed
x11-xserver-utils	7.7+9build1	installed
xauth	1:1.1-1build2	installed
xdg-user-dirs	0.17-2ubuntu4	installed
xdg-utils	1.1.3-4.1ubuntu3~22.04.1	installed
xfsprogs	5.13.0-1ubuntu2	installed
xkb-data	2.33-1	installed
xxd	2:8.2.3995-1ubuntu2.13	installed
xz-utils	5.2.5-2ubuntu1	installed
zerofree	1.1.1-1build3	installed
zlib1g:amd64	1:1.2.11.dfsg-2ubuntu9.2	installed
zlib1g-dev:amd64	1:1.2.11.dfsg-2ubuntu9.2	installed
zstd	1.4.8+dfsg-3build1	installed
